<?xml version="1.0" ?>
<mosinstall type="component">
	<name>Expose</name>
	<creationDate>02/14/2006</creationDate>
	<author>Josh</author>
	<copyright>This component is released under the GNU/GPL License</copyright>
	<authorEmail>webmaster@gotgtek.com</authorEmail>
	<authorUrl>http://www.gotgtek.com/</authorUrl>
	<version>1.2</version>
	<description>This is an open source flash gallery from http://www.slooz.com. This can downloaded from http://www.gotgtek.com</description>
	<files>
	
		<filename>expose.html</filename>
		<filename>expose.html.php</filename>
		<filename>expose.php</filename>
		<filename>expose.xml</filename>
		<filename>showpic.html</filename>
		<filename>expose/config/config.xml</filename>
		<filename>expose/config/formats.xml</filename>
		<filename>expose/config/strings.xml</filename>
		<filename>expose/extras/dummy.jpg</filename>
		<filename>expose/img/samples/_lg_springleaves.jpg</filename>
		<filename>expose/img/samples/_sm_beeonflower.jpg</filename>
		<filename>expose/img/samples/_sm_springleaves.jpg</filename>
		<filename>expose/img/samples/beeonflower.jpg</filename>
		<filename>expose/img/samples/springleaves.jpg</filename>
		<filename>expose/img/thumbs/_th_sample_album.jpg</filename>
		<filename>expose/img/thumbs/_th_sample_collection.jpg</filename>
		<filename>expose/img/thumbs/_th_videos.jpg</filename>
		<filename>expose/img/videos/_th_sample.jpg</filename>
		<filename>expose/img/videos/sample.flv</filename>
		<filename>expose/showpic_gifs/bl.gif</filename>
		<filename>expose/showpic_gifs/bot.gif</filename>
		<filename>expose/showpic_gifs/br.gif</filename>
		<filename>expose/showpic_gifs/left.gif</filename>
		<filename>expose/showpic_gifs/right.gif</filename>
		<filename>expose/showpic_gifs/showpic_back.gif</filename>
		<filename>expose/showpic_gifs/showpic_back_ro.gif</filename>
		<filename>expose/showpic_gifs/t.gif</filename>
		<filename>expose/showpic_gifs/tl.gif</filename>
		<filename>expose/showpic_gifs/top.gif</filename>
		<filename>expose/showpic_gifs/tr.gif</filename>
		<filename>expose/swf/artwork.swf</filename>
		<filename>expose/swf/expose.swf</filename>
		<filename>expose/swf/fonts.swf</filename>
		<filename>expose/xml/album_sample.xml</filename>
		<filename>expose/xml/album_videos.xml</filename>
		<filename>expose/xml/albums.xml</filename>
        <filename>expose/manager/manager.html</filename>
        <filename>expose/manager/manager.swf</filename>
        <filename>expose/manager/amfphp/gateway.php</filename>
        <filename>expose/manager/amfphp/actions/AdapterAction.php</filename>
        <filename>expose/manager/amfphp/actions/ClassLoaderAction.php</filename>
        <filename>expose/manager/amfphp/actions/ExecutionAction.php</filename>
        <filename>expose/manager/amfphp/actions/MapperAction.php</filename>
        <filename>expose/manager/amfphp/actions/MetaDataAction.php</filename>
        <filename>expose/manager/amfphp/actions/SecurityAction.php</filename>
        <filename>expose/manager/amfphp/actions/WebServiceAction.php</filename>
        <filename>expose/manager/amfphp/adapters/adodbAdapter.php</filename>
        <filename>expose/manager/amfphp/adapters/arrayfAdapter.php</filename>
        <filename>expose/manager/amfphp/adapters/arrayftAdapter.php</filename>
        <filename>expose/manager/amfphp/adapters/csvAdapter.php</filename>
        <filename>expose/manager/amfphp/adapters/fbsqlAdapter.php</filename>
        <filename>expose/manager/amfphp/adapters/informixAdapter.php</filename>
        <filename>expose/manager/amfphp/adapters/mssqlAdapter.php</filename>
        <filename>expose/manager/amfphp/adapters/mysqlAdapter.php</filename>
        <filename>expose/manager/amfphp/adapters/mysqlfAdapter.php</filename>
        <filename>expose/manager/amfphp/adapters/mysqliAdapter.php</filename>
        <filename>expose/manager/amfphp/adapters/oci8Adapter.php</filename>
        <filename>expose/manager/amfphp/adapters/odbcAdapter.php</filename>
        <filename>expose/manager/amfphp/adapters/pdoAdapter.php</filename>
        <filename>expose/manager/amfphp/adapters/peardbAdapter.php</filename>
        <filename>expose/manager/amfphp/adapters/pgsqlAdapter.php</filename>
        <filename>expose/manager/amfphp/adapters/RecordSetAdapter.php</filename>
        <filename>expose/manager/amfphp/adapters/sqliteAdapter.php</filename>
        <filename>expose/manager/amfphp/adapters/lib/Arrayf.php</filename>
        <filename>expose/manager/amfphp/adapters/lib/Arrayft.php</filename>
        <filename>expose/manager/amfphp/adapters/lib/CSVReader.php</filename>
        <filename>expose/manager/amfphp/adapters/lib/FileReader.php</filename>
        <filename>expose/manager/amfphp/adapters/lib/FilterReader.php</filename>
        <filename>expose/manager/amfphp/adapters/lib/Reader.php</filename>
        <filename>expose/manager/amfphp/app/Constants.php</filename>
        <filename>expose/manager/amfphp/app/Executive.php</filename>
        <filename>expose/manager/amfphp/app/Gateway.php</filename>
        <filename>expose/manager/amfphp/app/php5Executive.php</filename>
        <filename>expose/manager/amfphp/debug/AMFMethodCall.php</filename>
        <filename>expose/manager/amfphp/debug/AMFRequestHeaders.php</filename>
        <filename>expose/manager/amfphp/debug/AMFResponseHeaders.php</filename>
        <filename>expose/manager/amfphp/debug/HttpHeaders.php</filename>
        <filename>expose/manager/amfphp/debug/TraceHeader.php</filename>
        <filename>expose/manager/amfphp/exception/AMFException.php</filename>
        <filename>expose/manager/amfphp/exception/php4Exception.php</filename>
        <filename>expose/manager/amfphp/exception/php5Exception.php</filename>
        <filename>expose/manager/amfphp/extra/albthumb.jpg</filename>
        <filename>expose/manager/amfphp/extra/collthumb.jpg</filename>
        <filename>expose/manager/amfphp/extra/passhash.inc.php</filename>
        <filename>expose/manager/amfphp/extra/settings.original.xml</filename>
        <filename>expose/manager/amfphp/extra/settings.xml</filename>
        <filename>expose/manager/amfphp/extra/vidthumb.jpg</filename>
        <filename>expose/manager/amfphp/extra/watermark.png</filename>
        <filename>expose/manager/amfphp/filters/AuthenticationFilter.php</filename>
        <filename>expose/manager/amfphp/filters/BatchProcessFilter.php</filename>
        <filename>expose/manager/amfphp/filters/DebugFilter.php</filename>
        <filename>expose/manager/amfphp/filters/DescribeServiceFilter.php</filename>
        <filename>expose/manager/amfphp/filters/DeserializationFilter.php</filename>
        <filename>expose/manager/amfphp/filters/HeadersFilter.php</filename>
        <filename>expose/manager/amfphp/filters/SerializationFilter.php</filename>
        <filename>expose/manager/amfphp/io/AMFDeserializer.php</filename>
        <filename>expose/manager/amfphp/io/AMFInputStream.php</filename>
        <filename>expose/manager/amfphp/io/AMFOutputStream.php</filename>
        <filename>expose/manager/amfphp/io/AMFSerializer.php</filename>
        <filename>expose/manager/amfphp/services/com/slooz/AlbumManager.php</filename>
        <filename>expose/manager/amfphp/services/lib/DebuggingService.php</filename>
        <filename>expose/manager/amfphp/util/AMFBody.php</filename>
        <filename>expose/manager/amfphp/util/AMFHeader.php</filename>
        <filename>expose/manager/amfphp/util/AMFLogger.php</filename>
        <filename>expose/manager/amfphp/util/AMFObject.php</filename>
        <filename>expose/manager/amfphp/util/Authenticate.php</filename>
        <filename>expose/manager/amfphp/util/CharsetHandler.php</filename>
        <filename>expose/manager/amfphp/util/Compat.php</filename>
        <filename>expose/manager/amfphp/util/DateWrapper.php</filename>
        <filename>expose/manager/amfphp/util/DescribeService.php</filename>
        <filename>expose/manager/amfphp/util/Headers.php</filename>
        <filename>expose/manager/amfphp/util/Logger.php</filename>
        <filename>expose/manager/amfphp/util/MethodTable.php</filename>
        <filename>expose/manager/amfphp/util/NetDebug.php</filename>
        <filename>expose/manager/amfphp/util/PageAbleResult.php</filename>
        <filename>expose/manager/amfphp/util/ServiceBrowser.php</filename>
        <filename>expose/manager/amfphp/util/SessionManager.php</filename>
        <filename>expose/manager/amfphp/util/XMLReader.php</filename>
        <filename>expose/manager/fonts/embedcopy.ttf</filename>
        <filename>expose/manager/fonts/ReadMe.txt</filename>
        <filename>expose/manager/misc/common.inc.php</filename>
        <filename>expose/manager/misc/xmlfunc.inc.php</filename>
        <filename>expose/manager/upload/upload.php</filename>
        <filename>expose/manager/upload/uploadFLV.php</filename>
	</files>
	<images></images>
  <installfile>
	  <filename>install.expose.php</filename>
  </installfile>
      <uninstallfile>
	  <filename>uninstall.expose.php</filename>
  </uninstallfile> 
    <administration>
    <menu>Expose</menu>
    <submenu>
      <menu act='about'>Edit Expose</menu>
    </submenu>
    <images>
      <filename>admin.expose.php</filename>
      <filename>expose_icon.png</filename>
    </images>
</administration>

</mosinstall>